sequence_length,gpu_h2d_ms,gpu_gc_ms,gpu_homo_ms,gpu_motif_ms,gpu_entropy_ms,gpu_d2h_ms,gpu_total_ms,cpu_gc_ms,cpu_homo_ms,cpu_motif_ms,cpu_entropy_ms,cpu_total_ms,speedup,gpu_bases_per_s,cpu_bases_per_s,gpu_gbs,cpu_gbs,gpu_gflops,cpu_gflops
50000,0.0184,0.120992,0.311296,0.069632,0.87408,0.129568,7.07552,0.354865,0.088634,1.14144,21.9562,23.5413,3.32715,7.06662e+06,2.12393e+06,0.00706662,0.00212393,1.63437,0.491223
100000,0.025312,0.085504,0.253952,0.072064,1.7687,0.2456,9.0016,0.388179,0.184458,2.14489,43.997,46.7147,5.1896,1.11091e+07,2.14065e+06,0.0111091,0.00214065,2.57055,0.495327
261360,0.05056,0.278624,0.595072,0.14048,4.59965,0.6312,14.2254,1.1701,0.465985,5.35952,113.988,120.984,8.50479,1.83728e+07,2.16028e+06,0.0183728,0.00216028,4.25252,0.500015
500000,0.086496,0.465696,0.9296,0.351968,8.652,1.19421,22.7348,3.32377,0.933822,10.2296,217.951,232.438,10.2239,2.19927e+07,2.15111e+06,0.0219927,0.00215111,5.09082,0.497935
1000000,0.161728,0.642304,1.26557,0.567136,17.2988,2.38246,38.6743,7.40165,2.7279,19.8201,435.872,465.822,12.0447,2.58569e+07,2.14674e+06,0.0258569,0.00214674,5.9856,0.496947
2000000,0.332224,1.74656,2.464,1.15203,34.5527,4.75526,72.3111,14.3111,5.56453,39.2312,871.855,930.962,12.8744,2.76583e+07,2.14832e+06,0.0276583,0.00214832,6.40274,0.497323
4000000,0.627424,7.05987,4.92509,2.33322,69.0173,9.53683,136.296,28.0534,11.0295,78.1136,1762.49,1879.68,13.7912,2.93479e+07,2.12802e+06,0.0293479,0.00212802,6.79396,0.49263
8000000,1.24538,17.5304,9.91738,4.58333,135.302,19.081,262.322,55.659,21.8766,155.557,3495.39,3728.48,14.2134,3.04969e+07,2.14565e+06,0.0304969,0.00214565,7.05998,0.496714
